Collection Date,Host Name,Individual Sandwiches,Group Collections
2020-04-22,Early Collections - No Location Data,317,
2020-04-29,Early Collections - No Location Data,530,
2020-05-06,Early Collections - No Location Data,290,
2020-05-13,Early Collections - No Location Data,430,
2020-05-20,Early Collections - No Location Data,581,
2020-05-27,Early Collections - No Location Data,432,
2020-06-03,Early Collections - No Location Data,780,
2020-06-10,Early Collections - No Location Data,939,
2020-06-17,Early Collections - No Location Data,995,
2020-06-24,Early Collections - No Location Data,1177,
2020-07-01,Early Collections - No Location Data,626,
2020-07-08,Early Collections - No Location Data,866,
2020-07-15,Early Collections - No Location Data,1231,
2020-07-22,Early Collections - No Location Data,1195,
2020-07-29,Early Collections - No Location Data,991,
2020-08-05,Early Collections - No Location Data,953,
2020-08-12,Early Collections - No Location Data,752,
2020-08-19,Early Collections - No Location Data,1114,
2020-08-26,Early Collections - No Location Data,965,
2020-09-02,Early Collections - No Location Data,813,
2020-09-09,Early Collections - No Location Data,1361,
2020-09-16,Early Collections - No Location Data,1269,
2020-09-23,Early Collections - No Location Data,1316,
2020-09-30,Early Collections - No Location Data,1684,
2020-10-07,Early Collections - No Location Data,1414,
2020-10-14,Early Collections - No Location Data,943,
2020-10-21,Early Collections - No Location Data,1364,
2020-10-28,Early Collections - No Location Data,1454,
2020-11-04,Early Collections - No Location Data,1474,
2020-11-11,Early Collections - No Location Data,2595,
2020-11-18,Early Collections - No Location Data,3159,
2020-11-25,Early Collections - No Location Data,2518,
2020-12-02,Early Collections - No Location Data,1511,
2020-12-09,Early Collections - No Location Data,1365,
2020-12-16,Early Collections - No Location Data,1762,
2020-12-23,Early Collections - No Location Data,1481,
2020-12-30,Early Collections - No Location Data,2311,
2021-01-06,Early Collections - No Location Data,1841,
2021-01-13,Early Collections - No Location Data,1912,
2021-01-20,Early Collections - No Location Data,2865,
2021-01-27,Early Collections - No Location Data,3109,
2021-02-03,Early Collections - No Location Data,4711,
2021-02-10,Early Collections - No Location Data,3840,
2022-02-17,Early Collections - No Location Data,5418,
2021-02-24,Early Collections - No Location Data,6030,
2021-03-03,Early Collections - No Location Data,5186,
2021-03-10,Early Collections - No Location Data,3989,
2021-03-17,Early Collections - No Location Data,4052,
2021-03-24,Early Collections - No Location Data,4865,
2021-03-31,Early Collections - No Location Data,4225,
2021-04-07,Early Collections - No Location Data,5442,
2021-04-14,Early Collections - No Location Data,7241,
2021-04-21,Early Collections - No Location Data,10085,
2021-04-28,Early Collections - No Location Data,9454,
2021-05-05,Early Collections - No Location Data,6715,
2021-05-12,Early Collections - No Location Data,8579,
2021-05-19,Early Collections - No Location Data,5475,
2021-05-26,Early Collections - No Location Data,4063,
2021-06-02,Early Collections - No Location Data,10085,
2021-06-09,Early Collections - No Location Data,9454,
2021-06-16,Early Collections - No Location Data,6715,
2021-06-23,Early Collections - No Location Data,8579,
2021-06-30,Early Collections - No Location Data,5475,
2021-07-07,Early Collections - No Location Data,4063,
2021-07-14,Early Collections - No Location Data,4198,
2021-07-21,Early Collections - No Location Data,5372,
2021-07-28,Early Collections - No Location Data,6175,
2021-08-04,Early Collections - No Location Data,5764,
2021-08-11,Early Collections - No Location Data,6847,
2021-08-18,Early Collections - No Location Data,5245,
2021-08-25,Early Collections - No Location Data,4780,
2021-09-01,Early Collections - No Location Data,4568,
2021-09-08,Early Collections - No Location Data,3989,
2021-09-15,Alpharetta,600,
2021-09-15,Previous Oak Grove,451,
2021-09-15,Dunwoody PTC,1989,
2021-09-15,E Cobb Roswell,1071,
2021-09-15,Peachtree Corners,160,
2021-09-15,Sandy Springs,419,
2021-09-22,Alpharetta,790,
2021-09-22,Previous Oak Grove,48,
2021-09-22,Dunwoody PTC,2008,
2021-09-22,E Cobb Roswell,988,
2021-09-22,Decatur,30,
2021-09-22,Peachtree Corners,99,
2021-09-22,Sandy Springs,425,
2021-09-29,Alpharetta,594,
2021-09-29,Previous Buckhead,273,
2021-09-29,Previous Oak Grove,60,
2021-09-29,Dunwoody PTC,1865,
2021-09-29,E Cobb Roswell,1855,
2021-09-29,Peachtree Corners,114,
2021-09-29,Sandy Springs,127,
2021-10-06,Alpharetta,651,
2021-10-06,Previous Oak Grove,120,
2021-10-06,Dunwoody PTC,2225,
2021-10-06,E Cobb Roswell,866,
2021-10-06,Peachtree Corners,126,
2021-10-06,Sandy Springs,660,
2021-10-13,Alpharetta,509,
2021-10-13,Previous Oak Grove,72,
2021-10-13,Dunwoody PTC,1522,
2021-10-13,E Cobb Roswell,1328,
2021-10-13,Decatur,9,
2021-10-13,Peachtree Corners,266,
2021-10-13,Sandy Springs,210,
2021-10-20,Alpharetta,1005,
2021-10-20,Previous Oak Grove,40,
2021-10-20,Dunwoody PTC,1874,
2021-10-20,E Cobb Roswell,1218,
2021-10-20,Peachtree Corners,188,
2021-10-20,Sandy Springs,598,
2021-10-27,Alpharetta,1043,
2021-10-27,Previous Oak Grove,308,
2021-10-27,Dunwoody PTC,2806,
2021-10-27,E Cobb Roswell,1229,
2021-10-27,Peachtree Corners,130,
2021-10-27,Sandy Springs,285,
2021-11-03,Alpharetta,1247,
2021-11-03,Previous Oak Grove,112,
2021-11-03,Dunwoody PTC,2555,
2021-11-03,E Cobb Roswell,2144,
2021-11-03,Peachtree Corners,184,
2021-11-03,Sandy Springs,500,
2021-11-10,Alpharetta,851,
2021-11-10,Previous Oak Grove,122,
2021-11-10,Dunwoody PTC,3728,
2021-11-10,E Cobb Roswell,1231,
2021-11-10,Peachtree Corners,245,
2021-11-10,Sandy Springs,373,
2021-11-17,Alpharetta,777,
2021-11-17,Previous Oak Grove,82,
2021-11-17,Dunwoody PTC,3517,
2021-11-17,E Cobb Roswell,1180,
2021-11-17,Decatur,166,
2021-11-17,Peachtree Corners,229,
2021-11-17,Sandy Springs,390,
2021-11-22,Alpharetta,939,
2021-11-22,Dunwoody PTC,2720,
2021-11-22,E Cobb Roswell,2204,
2021-11-22,Decatur,10,
2021-11-22,Peachtree Corners,470,
2021-11-22,Sandy Springs,350,
2021-12-01,Alpharetta,540,
2021-12-01,Previous Oak Grove,73,
2021-12-01,Dunwoody PTC,2432,
2021-12-01,E Cobb Roswell,1585,
2021-12-01,Peachtree Corners,166,
2021-12-01,Sandy Springs,386,
2021-12-08,Alpharetta,939,
2021-12-08,Previous Oak Grove,60,
2021-12-08,Dunwoody PTC,2553,
2021-12-08,E Cobb Roswell,1688,
2021-12-08,Decatur,530,
2021-12-08,Peachtree Corners,307,
2021-12-08,Sandy Springs,850,
2021-12-15,Alpharetta,868,
2021-12-15,Previous Oak Grove,103,
2021-12-15,Dunwoody PTC,1890,
2021-12-15,E Cobb Roswell,2214,
2021-12-15,Decatur,80,
2021-12-15,Peachtree Corners,558,
2021-12-15,Sandy Springs,575,
2022-01-03,Alpharetta,818,
2022-01-03,Decatur,106,
2022-01-03,Snellville,120,
2022-01-05,Alpharetta,438,
2022-01-05,Dunwoody PTC,3293,
2022-01-05,E Cobb Roswell,1292,
2022-01-05,Peachtree Corners,371,
2022-01-05,Sandy Springs,1013,
2022-01-17,Alpharetta,900,
2022-01-17,Previous Buckhead,225,
2022-01-17,Dunwoody PTC,5033,
2022-01-17,E Cobb Roswell,879,
2022-01-17,Sandy Springs,513,
2022-01-19,Alpharetta,649,
2022-01-19,Previous Buckhead,263,
2022-01-19,Dunwoody PTC,2412,
2022-01-19,E Cobb Roswell,4109,
2022-01-19,Decatur,566,
2022-01-19,Peachtree Corners,351,
2022-01-19,Sandy Springs,162,
2022-01-26,Alpharetta,842,
2022-01-26,Dunwoody PTC,3975,
2022-01-26,E Cobb Roswell,2210,
2022-01-26,Decatur,28,
2022-01-26,Peachtree Corners,282,
2022-01-26,Sandy Springs,755,
2022-02-02,Alpharetta,974,
2022-02-02,Previous Buckhead,530,
2022-02-02,Previous Oak Grove,239,
2022-02-02,Dunwoody PTC,2478,
2022-02-02,E Cobb Roswell,2011,
2022-02-02,Decatur,39,
2022-02-02,Peachtree Corners,252,
2022-02-02,Sandy Springs,120,
2022-02-02,Intown Druid Hills,185,
2022-02-03,Alpharetta,2236,
2022-02-03,Previous Buckhead,335,
2022-02-03,Previous Oak Grove,100,
2022-02-03,Dunwoody PTC,2341,
2022-02-03,E Cobb Roswell,1861,
2022-02-03,Decatur,84,
2022-02-03,Peachtree Corners,344,
2022-02-03,Sandy Springs,401,
2022-02-03,Intown Druid Hills,130,
2022-02-04,Alpharetta,1801,
2022-02-04,Previous Buckhead,276,
2022-02-04,Dunwoody PTC,4550,
2022-02-04,E Cobb Roswell,2311,
2022-02-04,Decatur,165,
2022-02-04,Peachtree Corners,462,
2022-02-04,Sandy Springs,486,
2022-02-04,Intown Druid Hills,224,
2022-02-05,Alpharetta,1190,
2022-02-05,Previous Buckhead,422,
2022-02-05,Previous Oak Grove,200,
2022-02-05,Dunwoody PTC,3564,
2022-02-05,E Cobb Roswell,1803,
2022-02-05,Peachtree Corners,551,
2022-02-05,Sandy Springs,442,
2022-02-05,Intown Druid Hills,304,
2022-02-06,Alpharetta,1569,
2022-02-06,Previous Buckhead,1326,
2022-02-06,Previous Oak Grove,391,
2022-02-06,Dunwoody PTC,3121,
2022-02-06,E Cobb Roswell,1809,
2022-02-06,Decatur,68,
2022-02-06,Peachtree Corners,249,
2022-02-06,Sandy Springs,364,
2022-02-06,Intown Druid Hills,368,
2022-02-07,Alpharetta,1054,
2022-02-07,Previous Buckhead,486,
2022-02-07,Previous Oak Grove,287,
2022-02-07,Dunwoody PTC,2844,
2022-02-07,E Cobb Roswell,1877,
2022-02-07,Peachtree Corners,773,
2022-02-07,Sandy Springs,443,
2022-02-07,Intown Druid Hills,102,
2022-02-07,Snellville,80,
2022-02-08,Alpharetta,2291,
2022-02-08,Previous Buckhead,638,
2022-02-08,Previous Oak Grove,110,
2022-02-08,Dunwoody PTC,1927,
2022-02-08,E Cobb Roswell,1330,
2022-02-08,Peachtree Corners,230,
2022-02-08,Sandy Springs,330,
2022-02-08,Intown Druid Hills,235,
2022-02-08,Snellville,150,
2022-02-08,Groups,160,
2022-02-08,Groups - Main,160,
2022-02-09,Alpharetta,2291,
2022-02-09,Previous Buckhead,516,
2022-02-09,Previous Oak Grove,61,
2022-02-09,Dunwoody PTC,3471,
2022-02-09,E Cobb Roswell,1240,
2022-02-09,Peachtree Corners,432,
2022-02-09,Sandy Springs,253,
2022-02-09,Intown Druid Hills,90,
2022-02-09,Snellville,150,
2022-02-09,Groups,1837,
2022-02-09,Groups - Main,1837,
2022-02-10,Alpharetta,1699,
2022-02-10,Previous Buckhead,616,
2022-02-10,Previous Oak Grove,145,
2022-02-10,Dunwoody PTC,2068,
2022-02-10,E Cobb Roswell,1911,
2022-02-10,Decatur,107,
2022-02-10,Peachtree Corners,432,
2022-02-10,Sandy Springs,529,
2022-02-10,Intown Druid Hills,237,
2022-02-10,Snellville,125,
2022-02-10,Groups,180,
2022-02-10,Previous Woodstock,131,
2022-02-10,Groups - Main,180,
2022-02-11,Alpharetta,867,
2022-02-11,Previous Buckhead,125,
2022-02-11,Dunwoody PTC,2267,
2022-02-11,E Cobb Roswell,2156,
2022-02-11,Peachtree Corners,496,
2022-02-11,Sandy Springs,259,
2022-02-11,Intown Druid Hills,275,
2022-02-11,Snellville,125,
2022-02-11,Previous Woodstock,39,
2022-02-12,Alpharetta,1134,
2022-02-12,Previous Buckhead,282,
2022-02-12,Dunwoody PTC,2774,
2022-02-12,E Cobb Roswell,1892,
2022-02-12,Decatur,21,
2022-02-12,Peachtree Corners,211,
2022-02-12,Sandy Springs,325,
2022-02-12,Intown Druid Hills,112,
2022-02-12,Snellville,105,
2022-02-12,Groups,1580,
2022-02-12,Previous Woodstock,50,
2022-02-12,Groups - Main,1580,
2022-02-13,Alpharetta,2165,
2022-02-13,Previous Buckhead,817,
2022-02-13,Dunwoody PTC,3490,
2022-02-13,E Cobb Roswell,2760,
2022-02-13,Peachtree Corners,829,
2022-02-13,Sandy Springs,352,
2022-02-13,Intown Druid Hills,247,
2022-02-13,Snellville,128,
2022-02-13,Groups,1005,
2022-02-13,Groups - Main,1005,
2022-02-14,Alpharetta,1379,
2022-02-14,Previous Buckhead,243,
2022-02-14,Dunwoody PTC,3034,
2022-02-14,E Cobb Roswell,2817,
2022-02-14,Decatur,85,
2022-02-14,Peachtree Corners,503,
2022-02-14,Sandy Springs,503,
2022-02-14,Intown Druid Hills,380,
2022-02-14,Snellville,116,
2022-02-14,Groups,575,
2022-02-14,Groups - Main,575,
2022-02-15,Alpharetta,1030,
2022-02-15,Previous Buckhead,515,
2022-02-15,Dunwoody PTC,2707,
2022-02-15,E Cobb Roswell,1570,
2022-02-15,Decatur,195,
2022-02-15,Peachtree Corners,388,
2022-02-15,Sandy Springs,480,
2022-02-15,Intown Druid Hills,62,
2022-02-15,Snellville,140,
2022-02-15,Groups,190,
2022-02-15,Groups - Main,190,
2022-05-11,Alpharetta,1574,
2022-05-11,Previous Buckhead,541,
2022-05-11,Dunwoody PTC,3729,
2022-05-11,E Cobb Roswell,1999,
2022-05-11,Decatur,154,
2022-05-11,Peachtree Corners,699,
2022-05-11,Sandy Springs,569,
2022-05-11,Intown Druid Hills,86,
2022-05-11,Snellville,115,
2022-05-18,Alpharetta,1457,
2022-05-18,Previous Buckhead,500,
2022-05-18,Dunwoody PTC,2532,
2022-05-18,E Cobb Roswell,1842,
2022-05-18,Decatur,77,
2022-05-18,Peachtree Corners,165,
2022-05-18,Sandy Springs,256,
2022-05-18,Intown Druid Hills,118,
2022-05-18,Snellville,121,
2022-05-18,Groups,450,
2022-05-18,Previous Lenox/Brookhaven,208,
2022-05-18,Groups - Main,450,
2022-05-15,Alpharetta,1457,
2022-05-15,Previous Buckhead,403,
2022-05-15,Dunwoody PTC,2415,
2022-05-15,E Cobb Roswell,1747,
2022-05-15,Decatur,112,
2022-05-15,Peachtree Corners,187,
2022-05-15,Sandy Springs,136,
2022-05-15,Intown Druid Hills,86,
2022-05-15,Snellville,110,
2022-05-15,Groups,800,
2022-05-15,Previous Lenox/Brookhaven,155,
2022-05-15,Groups - Main,800,
2022-06-01,Alpharetta,634,
2022-06-01,Previous Buckhead,434,
2022-06-01,Dunwoody PTC,1855,
2022-06-01,E Cobb Roswell,1695,
2022-06-01,Peachtree Corners,433,
2022-06-01,Intown Druid Hills,76,
2022-06-01,Snellville,128,
2022-06-08,Alpharetta,1471,
2022-06-08,Previous Buckhead,70,
2022-06-08,Dunwoody PTC,2404,
2022-06-08,E Cobb Roswell,2163,
2022-06-08,Decatur,120,
2022-06-08,Peachtree Corners,453,
2022-06-08,Sandy Springs,20,
2022-06-08,Intown Druid Hills,270,
2022-06-08,Snellville,170,
2022-06-08,Groups,1809,
2022-06-08,Previous Lenox/Brookhaven,19,
2022-06-08,Groups - Main,1809,
2022-06-15,Alpharetta,1232,
2022-06-15,Previous Buckhead,1170,
2022-06-15,Dunwoody PTC,2032,
2022-06-15,E Cobb Roswell,2841,
2022-06-15,Peachtree Corners,557,
2022-06-15,Intown Druid Hills,93,
2022-06-15,Snellville,160,
2022-06-15,Groups,450,
2022-06-15,Groups - Main,450,
2022-06-22,Alpharetta,1147,
2022-06-22,Previous Buckhead,278,
2022-06-22,Dunwoody PTC,3174,
2022-06-22,E Cobb Roswell,2897,
2022-06-22,Decatur,114,
2022-06-22,Peachtree Corners,703,
2022-06-22,Sandy Springs,44,
2022-06-22,Intown Druid Hills,235,
2022-06-22,Snellville,104,
2022-06-22,Groups,1750,
2022-06-22,Previous Lenox/Brookhaven,20,
2022-06-22,Groups - Main,1750,
2022-06-29,Alpharetta,2340,
2022-06-29,Dunwoody PTC,1837,
2022-06-29,E Cobb Roswell,3182,
2022-06-29,Decatur,54,
2022-06-29,Peachtree Corners,591,
2022-06-29,Sandy Springs,80,
2022-06-29,Intown Druid Hills,185,
2022-06-29,Snellville,82,
2022-06-29,Groups,151,
2022-06-29,Previous Lenox/Brookhaven,197,
2022-06-29,Groups - Main,151,
2022-07-06,Alpharetta,1144,
2022-07-06,Previous Buckhead,107,
2022-07-06,Dunwoody PTC,1067,
2022-07-06,E Cobb Roswell,2167,
2022-07-06,Decatur,107,
2022-07-06,Peachtree Corners,341,
2022-07-06,Sandy Springs,170,
2022-07-06,Intown Druid Hills,210,
2022-07-06,Snellville,187,
2022-07-13,Alpharetta,2688,
2022-07-13,Previous Buckhead,176,
2022-07-13,Dunwoody PTC,1645,
2022-07-13,E Cobb Roswell,2168,
2022-07-13,Decatur,66,
2022-07-13,Peachtree Corners,370,
2022-07-13,Sandy Springs,67,
2022-07-13,Snellville,99,
2022-07-13,Previous Lenox/Brookhaven,106,
2022-07-20,Alpharetta,528,
2022-07-20,Previous Buckhead,423,
2022-07-20,Dunwoody PTC,2046,
2022-07-20,E Cobb Roswell,2533,
2022-07-20,Peachtree Corners,272,
2022-07-20,Sandy Springs,104,
2022-07-20,Intown Druid Hills,268,
2022-07-20,Snellville,172,
2022-07-20,Groups,1740,
2022-07-20,Previous Lenox/Brookhaven,70,
2022-07-20,Groups - Main,1740,
2022-07-27,Alpharetta,1068,
2022-07-27,Previous Buckhead,305,
2022-07-27,Dunwoody PTC,1970,
2022-07-27,E Cobb Roswell,2538,
2022-07-27,Decatur,104,
2022-07-27,Peachtree Corners,232,
2022-07-27,Intown Druid Hills,90,
2022-07-27,Snellville,142,
2022-07-27,Groups,525,
2022-07-27,Groups - Main,525,
2022-08-03,Alpharetta,760,
2022-08-03,Previous Buckhead,373,
2022-08-03,Dunwoody PTC,1319,
2022-08-03,E Cobb Roswell,1845,
2022-08-03,Decatur,366,
2022-08-03,Peachtree Corners,401,
2022-08-03,Sandy Springs,18,
2022-08-03,Intown Druid Hills,42,
2022-08-03,Snellville,102,
2022-08-10,Alpharetta,1697,
2022-08-10,Previous Buckhead,300,
2022-08-10,Dunwoody PTC,1616,
2022-08-10,E Cobb Roswell,1637,
2022-08-10,Decatur,72,
2022-08-10,Peachtree Corners,475,
2022-08-10,Sandy Springs,84,
2022-08-10,Intown Druid Hills,175,
2022-08-10,Snellville,135,
2022-08-10,Groups,375,
2022-08-10,Previous Lenox/Brookhaven,74,
2022-08-10,Groups - Main,375,
2022-08-17,Alpharetta,1339,
2022-08-17,Previous Buckhead,222,
2022-08-17,Dunwoody PTC,1818,
2022-08-17,E Cobb Roswell,1132,
2022-08-17,Decatur,79,
2022-08-17,Peachtree Corners,199,
2022-08-17,Sandy Springs,265,
2022-08-17,Snellville,175,
2022-08-17,Groups,1391,
2022-08-17,Previous Lenox/Brookhaven,60,
2022-08-17,Groups - Main,1391,
2022-08-24,Groups - Main,5986,
2022-08-31,Alpharetta,1310,
2022-08-31,Dunwoody PTC,1819,
2022-08-31,E Cobb Roswell,1321,
2022-08-31,Decatur,147,
2022-08-31,Peachtree Corners,224,
2022-08-31,Sandy Springs,32,
2022-08-31,Intown Druid Hills,106,
2022-08-31,Snellville,220,
2022-08-31,Groups,350,
2022-08-31,Previous Lenox/Brookhaven,230,
2022-08-31,Previous New Chastain,268,
2022-08-31,Groups - Main,350,
2022-09-07,Alpharetta,2611,
2022-09-07,Previous Buckhead,115,
2022-09-07,Dunwoody PTC,1458,
2022-09-07,E Cobb Roswell,1118,
2022-09-07,Decatur,190,
2022-09-07,Peachtree Corners,226,
2022-09-07,Sandy Springs,30,
2022-09-07,Intown Druid Hills,106,
2022-09-07,Snellville,150,
2022-09-07,Groups,1700,
2022-09-07,Previous Woodstock,150,
2022-09-07,Previous Lenox/Brookhaven,248,
2022-09-07,Previous New Chastain,146,
2022-09-07,Groups - Main,1700,
2022-09-14,Alpharetta,1043,
2022-09-14,Previous Buckhead,125,
2022-09-14,Previous Oak Grove,110,
2022-09-14,Dunwoody PTC,1981,
2022-09-14,E Cobb Roswell,1235,
2022-09-14,Decatur,54,
2022-09-14,Peachtree Corners,307,
2022-09-14,Sandy Springs,123,
2022-09-14,Intown Druid Hills,75,
2022-09-14,Snellville,190,
2022-09-14,Groups,2138,
2022-09-14,Previous Lenox/Brookhaven,160,
2022-09-14,Previous New Chastain,30,
2022-09-14,Groups - Main,2138,
2022-09-21,Alpharetta,2590,
2022-09-21,Previous Buckhead,217,
2022-09-21,Previous Oak Grove,120,
2022-09-21,Dunwoody PTC,831,
2022-09-21,E Cobb Roswell,1559,
2022-09-21,Decatur,30,
2022-09-21,Peachtree Corners,453,
2022-09-21,Sandy Springs,192,
2022-09-21,Intown Druid Hills,118,
2022-09-21,Snellville,160,
2022-09-21,Groups,1500,
2022-09-21,Previous Lenox/Brookhaven,190,
2022-09-21,Previous New Chastain,30,
2022-09-21,Previous Glenwood Park,178,
2022-09-21,Groups - Main,1500,
2022-09-28,Alpharetta,1009,
2022-09-28,Dunwoody PTC,1373,
2022-09-28,E Cobb Roswell,1009,
2022-09-28,Decatur,334,
2022-09-28,Peachtree Corners,374,
2022-09-28,Sandy Springs,245,
2022-09-28,Intown Druid Hills,389,
2022-09-28,Snellville,140,
2022-09-28,Groups,1320,
2022-09-28,Flowery Branch,100,
2022-09-28,Groups - Main,1320,
2022-10-05,Alpharetta,1058,
2022-10-05,Dunwoody PTC,1417,
2022-10-05,E Cobb Roswell,1215,
2022-10-05,Decatur,394,
2022-10-05,Peachtree Corners,226,
2022-10-05,Sandy Springs,96,
2022-10-05,Intown Druid Hills,534,
2022-10-05,Snellville,201,
2022-10-05,Groups,2079,
2022-10-05,Flowery Branch,75,
2022-10-05,Groups - Main,2079,
2022-10-12,Alpharetta,1161,
2022-10-12,Dunwoody PTC,1579,
2022-10-12,E Cobb Roswell,1078,
2022-10-12,Decatur,136,
2022-10-12,Peachtree Corners,322,
2022-10-12,Sandy Springs,390,
2022-10-12,Intown Druid Hills,360,
2022-10-12,Snellville,158,
2022-10-12,Groups,653,
2022-10-12,Flowery Branch,200,
2022-10-12,Groups - Main,653,
2022-10-19,Alpharetta,1097,
2022-10-19,Dunwoody PTC,1317,
2022-10-19,E Cobb Roswell,1250,
2022-10-19,Decatur,194,
2022-10-19,Peachtree Corners,468,
2022-10-19,Sandy Springs,615,
2022-10-19,Intown Druid Hills,460,
2022-10-19,Snellville,162,
2022-10-19,Groups,2363,
2022-10-19,Flowery Branch,191,
2022-10-19,Groups - Main,2363,
2022-10-26,Alpharetta,963,
2022-10-26,Dunwoody PTC,1414,
2022-10-26,E Cobb Roswell,852,
2022-10-26,Decatur,353,
2022-10-26,Peachtree Corners,257,
2022-10-26,Sandy Springs,1106,
2022-10-26,Intown Druid Hills,760,
2022-10-26,Snellville,158,
2022-10-26,Groups,1167,
2022-10-26,Flowery Branch,293,
2022-10-26,Groups - Main,1167,
2022-11-02,Alpharetta,783,
2022-11-02,Dunwoody PTC,2150,
2022-11-02,E Cobb Roswell,1149,
2022-11-02,Decatur,267,
2022-11-02,Peachtree Corners,190,
2022-11-02,Sandy Springs,688,
2022-11-02,Intown Druid Hills,567,
2022-11-02,Snellville,105,
2022-11-02,Groups,2437,
2022-11-02,Flowery Branch,387,
2022-11-02,Groups - Main,2437,
2022-11-09,Alpharetta,1939,
2022-11-09,Dunwoody PTC,2705,
2022-11-09,E Cobb Roswell,2101,
2022-11-09,Decatur,154,
2022-11-09,Peachtree Corners,347,
2022-11-09,Sandy Springs,644,
2022-11-09,Intown Druid Hills,816,
2022-11-09,Snellville,105,
2022-11-09,Groups,5030,
2022-11-09,Flowery Branch,324,
2022-11-09,Groups - Main,5030,
2022-11-16,Alpharetta,2897,
2022-11-16,Dunwoody PTC,1621,
2022-11-16,E Cobb Roswell,2098,
2022-11-16,Decatur,625,
2022-11-16,Peachtree Corners,324,
2022-11-16,Sandy Springs,3594,
2022-11-16,Intown Druid Hills,950,
2022-11-16,Snellville,142,
2022-11-16,Groups,10728,
2022-11-16,Flowery Branch,393,
2022-11-16,Groups - Main,10728,
2022-11-30,Alpharetta,1543,
2022-11-30,Dunwoody PTC,1156,
2022-11-30,E Cobb Roswell,1497,
2022-11-30,Decatur,248,
2022-11-30,Peachtree Corners,347,
2022-11-30,Sandy Springs,948,
2022-11-30,Intown Druid Hills,363,
2022-11-30,Snellville,200,
2022-11-30,Groups,4652,
2022-11-30,Flowery Branch,431,
2022-11-30,Groups - Main,4652,
2022-12-07,Alpharetta,1134,
2022-12-07,Dunwoody PTC,1238,
2022-12-07,E Cobb Roswell,1826,
2022-12-07,Decatur,150,
2022-12-07,Peachtree Corners,410,
2022-12-07,Sandy Springs,517,
2022-12-07,Intown Druid Hills,487,
2022-12-07,Snellville,100,
2022-12-07,Groups,2722,
2022-12-07,Flowery Branch,247,
2022-12-07,Groups - Main,2722,
2022-12-14,Alpharetta,1471,
2022-12-14,Dunwoody PTC,2186,
2022-12-14,E Cobb Roswell,1690,
2022-12-14,Decatur,233,
2022-12-14,Peachtree Corners,530,
2022-12-14,Sandy Springs,560,
2022-12-14,Intown Druid Hills,235,
2022-12-14,Snellville,136,
2022-12-14,Flowery Branch,301,
2022-12-21,Alpharetta,493,
2022-12-21,Dunwoody PTC,1204,
2022-12-21,E Cobb Roswell,1856,
2022-12-21,Peachtree Corners,321,
2022-12-21,Sandy Springs,184,
2022-12-21,Intown Druid Hills,300,
2022-12-21,Snellville,210,
2022-12-21,Groups,4000,
2022-12-21,Groups - Main,4000,
2022-12-28,Alpharetta,799,
2022-12-28,Dunwoody PTC,888,
2022-12-28,E Cobb Roswell,1411,
2022-12-28,Peachtree Corners,140,
2022-12-28,Sandy Springs,40,
2022-12-28,Intown Druid Hills,40,
2022-12-28,Groups,100,
2022-12-28,Flowery Branch,247,
2022-12-28,Groups - Main,100,
2023-01-04,Alpharetta,818,
2023-01-04,Dunwoody PTC,1326,
2023-01-04,E Cobb Roswell,1204,
2023-01-04,Decatur,161,
2023-01-04,Peachtree Corners,263,
2023-01-04,Sandy Springs,250,
2023-01-04,Intown Druid Hills,206,
2023-01-04,Snellville,106,
2023-01-04,Flowery Branch,412,
2023-01-11,Alpharetta,888,
2023-01-11,Dunwoody PTC,1422,
2023-01-11,E Cobb Roswell,650,
2023-01-11,Decatur,622,
2023-01-11,Peachtree Corners,444,
2023-01-11,Sandy Springs,514,
2023-01-11,Intown Druid Hills,152,
2023-01-11,Snellville,151,
2023-01-11,Flowery Branch,291,
2023-01-18,Alpharetta,908,
2023-01-18,Dunwoody PTC,1243,
2023-01-18,E Cobb Roswell,1614,
2023-01-18,Decatur,465,
2023-01-18,Peachtree Corners,290,
2023-01-18,Sandy Springs,603,
2023-01-18,Intown Druid Hills,627,
2023-01-18,Snellville,148,
2023-01-18,Flowery Branch,490,
2023-01-25,Alpharetta,1025,
2023-01-25,Dunwoody PTC,2023,
2023-01-25,E Cobb Roswell,1465,
2023-01-25,Decatur,345,
2023-01-25,Peachtree Corners,514,
2023-01-25,Sandy Springs,710,
2023-01-25,Intown Druid Hills,605,
2023-01-25,Snellville,166,
2023-01-25,Flowery Branch,300,
2023-02-01,Alpharetta,1471,
2023-02-01,Dunwoody PTC,1461,
2023-02-01,E Cobb Roswell,2096,
2023-02-01,Decatur,230,
2023-02-01,Peachtree Corners,496,
2023-02-01,Sandy Springs,988,
2023-02-01,Intown Druid Hills,762,
2023-02-01,Snellville,183,
2023-02-01,Groups,2998,
2023-02-01,Flowery Branch,219,
2023-02-01,Groups - Main,2998,
2023-02-08,Alpharetta,1889,
2023-02-08,Dunwoody PTC,1488,
2023-02-08,E Cobb Roswell,872,
2023-02-08,Decatur,140,
2023-02-08,Sandy Springs,531,
2023-02-08,Intown Druid Hills,1176,
2023-02-08,Snellville,187,
2023-02-15,Alpharetta,2637,
2023-02-15,Dunwoody PTC,2342,
2023-02-15,E Cobb Roswell,1292,
2023-02-15,Decatur,269,
2023-02-15,Sandy Springs,479,
2023-02-15,Intown Druid Hills,855,
2023-02-15,Snellville,191,
2023-02-15,Groups,4485,
2023-02-15,Flowery Branch,305,
2023-02-15,Groups - Main,4485,
2023-02-22,Alpharetta,2195,
2023-02-22,Dunwoody PTC,2462,
2023-02-22,E Cobb Roswell,1513,
2023-02-22,Decatur,72,
2023-02-22,Sandy Springs,618,
2023-02-22,Intown Druid Hills,792,
2023-02-22,Snellville,103,
2023-02-22,Groups,200,
2023-02-22,Flowery Branch,1230,
2023-02-22,Groups - Main,200,
2023-03-01,Alpharetta,1251,
2023-03-01,Dunwoody PTC,2243,
2023-03-01,E Cobb Roswell,885,
2023-03-01,Decatur,498,
2023-03-01,Sandy Springs,958,
2023-03-01,Intown Druid Hills,350,
2023-03-01,Snellville,159,
2023-03-01,Flowery Branch,436,
2023-03-08,Alpharetta,1334,
2023-03-08,Dunwoody PTC,2572,
2023-03-08,E Cobb Roswell,1075,
2023-03-08,Decatur,220,
2023-03-08,Sandy Springs,313,
2023-03-08,Intown Druid Hills,326,
2023-03-08,Snellville,217,
2023-03-08,Flowery Branch,536,
2023-03-22,Alpharetta,3005,
2023-03-22,Dunwoody PTC,2775,
2023-03-22,E Cobb Roswell,882,
2023-03-22,Decatur,433,
2023-03-22,Sandy Springs,747,
2023-03-22,Intown Druid Hills,279,
2023-03-22,Snellville,189,
2023-03-22,Flowery Branch,371,
2023-03-29,Alpharetta,702,
2023-03-29,Dunwoody PTC,4041,
2023-03-29,E Cobb Roswell,1310,
2023-03-29,Decatur,220,
2023-03-29,Sandy Springs,1319,
2023-03-29,Intown Druid Hills,1328,
2023-03-29,Snellville,104,
2023-03-29,Flowery Branch,471,
2023-03-29,Groups - Main,503,
2023-04-05,Alpharetta,930,
2023-04-05,Dunwoody PTC,3763,
2023-04-05,E Cobb Roswell,1057,
2023-04-05,Decatur,60,
2023-04-05,Sandy Springs,655,
2023-04-05,Intown Druid Hills,493,
2023-04-05,Snellville,594,
2023-04-05,Flowery Branch,267,
2023-04-05,Groups - Main,1238,
2023-04-12,Alpharetta,1034,
2023-04-12,Dunwoody PTC,2344,
2023-04-12,E Cobb Roswell,1078,
2023-04-12,Decatur,240,
2023-04-12,Sandy Springs,747,
2023-04-12,Intown Druid Hills,500,
2023-04-12,Snellville,107,
2023-04-12,Flowery Branch,300,
2023-04-12,Groups - Main,500,
2023-04-19,Alpharetta,1956,
2023-04-19,Dunwoody PTC,2946,
2023-04-19,E Cobb Roswell,1968,
2023-04-19,Decatur,93,
2023-04-19,Sandy Springs,938,
2023-04-19,Intown Druid Hills,377,
2023-04-19,Snellville,239,
2023-04-19,Flowery Branch,496,
2023-04-19,Groups - Main,5019,
2023-04-26,Alpharetta,1077,
2023-04-26,Dunwoody PTC,4789,
2023-04-26,E Cobb Roswell,1034,
2023-04-26,Decatur,232,
2023-04-26,Sandy Springs,1263,
2023-04-26,Intown Druid Hills,531,
2023-04-26,Snellville,190,
2023-04-26,Flowery Branch,374,
2023-04-26,Groups - Main,1906,
2023-05-03,Alpharetta,1091,
2023-05-03,Dunwoody PTC,2875,
2023-05-03,E Cobb Roswell,1646,
2023-05-03,Decatur,222,
2023-05-03,Sandy Springs,720,
2023-05-03,Intown Druid Hills,450,
2023-05-03,Snellville,84,
2023-05-03,Flowery Branch,447,
2023-05-03,Groups - Main,500,
2023-05-10,Alpharetta,1266,
2023-05-10,Dunwoody PTC,3853,
2023-05-10,E Cobb Roswell,1341,
2023-05-10,Decatur,156,
2023-05-10,Sandy Springs,1165,
2023-05-10,Intown Druid Hills,218,
2023-05-10,Snellville,94,
2023-05-10,Flowery Branch,221,
2023-05-10,Groups - Main,808,
2023-05-17,Alpharetta,622,
2023-05-17,Dunwoody PTC,1472,
2023-05-17,E Cobb Roswell,1246,
2023-05-17,Decatur,125,
2023-05-17,Sandy Springs,988,
2023-05-17,Intown Druid Hills,233,
2023-05-17,Snellville,230,
2023-05-17,Flowery Branch,538,
2023-05-17,Groups - Main,350,
2023-05-24,Alpharetta,2481,
2023-05-24,Dunwoody PTC,2035,
2023-05-24,E Cobb Roswell,1235,
2023-05-24,Decatur,321,
2023-05-24,Sandy Springs,585,
2023-05-24,Intown Druid Hills,468,
2023-05-24,Flowery Branch,184,
2023-05-24,Groups - Main,1900,
2023-05-31,Alpharetta,574,
2023-05-31,Dunwoody PTC,1360,
2023-05-31,E Cobb Roswell,1607,
2023-05-31,Decatur,172,
2023-05-31,Sandy Springs,304,
2023-05-31,Intown Druid Hills,198,
2023-05-31,Snellville,87,
2023-05-31,Flowery Branch,284,
2023-05-31,Groups - Main,841,
2023-06-07,Alpharetta,1095,
2023-06-07,Dunwoody PTC,2544,
2023-06-07,E Cobb Roswell,2439,
2023-06-07,Decatur,100,
2023-06-07,Sandy Springs,533,
2023-06-07,Intown Druid Hills,560,
2023-06-07,Snellville,138,
2023-06-07,Flowery Branch,255,
2023-06-07,Groups - Main,1508,
2023-06-14,Alpharetta,1399,
2023-06-14,Dunwoody PTC,3516,
2023-06-14,E Cobb Roswell,2231,
2023-06-14,Decatur,102,
2023-06-14,Sandy Springs,811,
2023-06-14,Intown Druid Hills,570,
2023-06-14,Snellville,39,
2023-06-14,Flowery Branch,391,
2023-06-14,Groups - Main,1931,
2023-06-21,Alpharetta,1724,
2023-06-21,Dunwoody PTC,2274,
2023-06-21,E Cobb Roswell,1882,
2023-06-21,Decatur,100,
2023-06-21,Sandy Springs,370,
2023-06-21,Intown Druid Hills,196,
2023-06-21,Flowery Branch,304,
2023-06-21,Groups - Main,1347,
2023-06-28,Alpharetta,1672,
2023-06-28,Dunwoody PTC,1599,
2023-06-28,E Cobb Roswell,1880,
2023-06-28,Decatur,126,
2023-06-28,Sandy Springs,460,
2023-06-28,Intown Druid Hills,179,
2023-06-28,Snellville,96,
2023-06-28,Groups - Main,3098,
2023-07-11,Alpharetta,2143,
2023-07-11,Dunwoody PTC,2350,
2023-07-11,E Cobb Roswell,1690,
2023-07-11,Sandy Springs,481,
2023-07-11,Intown Druid Hills,656,
2023-07-11,Snellville,242,
2023-07-11,Flowery Branch,283,
2023-07-11,Groups - Main,1664,
2023-07-19,Alpharetta,1035,
2023-07-19,Dunwoody PTC,2606,
2023-07-19,E Cobb Roswell,1448,
2023-07-19,Sandy Springs,532,
2023-07-19,Intown Druid Hills,629,
2023-07-19,Snellville,94,
2023-07-19,Flowery Branch,366,
2023-07-19,Groups - Main,2113,
2023-07-26,Alpharetta,2097,
2023-07-26,Dunwoody PTC,1904,
2023-07-26,E Cobb Roswell,1864,
2023-07-26,Decatur,85,
2023-07-26,Sandy Springs,690,
2023-07-26,Intown Druid Hills,923,
2023-07-26,Snellville,127,
2023-07-26,Flowery Branch,349,
2023-07-26,Groups - Main,855,
2023-08-02,Alpharetta,1528,
2023-08-02,Dunwoody PTC,2480,
2023-08-02,E Cobb Roswell,862,
2023-08-02,Sandy Springs,522,
2023-08-02,Intown Druid Hills,214,
2023-08-02,Snellville,128,
2023-08-02,Flowery Branch,235,
2023-08-02,Groups - Main,555,
2023-08-09,Alpharetta,1962,
2023-08-09,Dunwoody PTC,1777,
2023-08-09,E Cobb Roswell,1105,
2023-08-09,Sandy Springs,457,
2023-08-09,Intown Druid Hills,362,
2023-08-09,Snellville,230,
2023-08-09,Flowery Branch,206,
2023-08-09,Groups - Main,432,
2023-08-16,Alpharetta,1292,
2023-08-16,Dunwoody PTC,2218,
2023-08-16,E Cobb Roswell,1570,
2023-08-16,Decatur,66,
2023-08-16,Sandy Springs,298,
2023-08-16,Intown Druid Hills,245,
2023-08-16,Snellville,162,
2023-08-16,Flowery Branch,190,
2023-08-16,Groups - Main,7479,
2023-08-24,Alpharetta,1276,
2023-08-24,Dunwoody PTC,1650,
2023-08-24,E Cobb Roswell,970,
2023-08-24,Decatur,97,
2023-08-24,Sandy Springs,579,
2023-08-24,Intown Druid Hills,237,
2023-08-24,Snellville,172,
2023-08-24,Flowery Branch,346,
2023-08-24,Groups - Main,1235,
2023-08-30,Alpharetta,1090,
2023-08-30,Dunwoody PTC,1182,
2023-08-30,E Cobb Roswell,1095,
2023-08-30,Decatur,106,
2023-08-30,Sandy Springs,459,
2023-08-30,Intown Druid Hills,178,
2023-08-30,Snellville,116,
2023-08-30,Flowery Branch,349,
2023-08-30,Groups - Main,1485,
2023-09-06,Alpharetta,2262,
2023-09-06,Dunwoody PTC,1881,
2023-09-06,E Cobb Roswell,1060,
2023-09-06,Decatur,92,
2023-09-06,Sandy Springs,305,
2023-09-06,Intown Druid Hills,400,
2023-09-06,Snellville,80,
2023-09-06,Flowery Branch,249,
2023-09-06,Groups - Main,1106,
2023-09-13,Alpharetta,615,
2023-09-13,Dunwoody PTC,2090,
2023-09-13,E Cobb Roswell,1605,
2023-09-13,Decatur,82,
2023-09-13,Sandy Springs,888,
2023-09-13,Intown Druid Hills,746,
2023-09-13,Snellville,228,
2023-09-13,Flowery Branch,200,
2023-09-13,Groups - Main,2045,
2023-09-20,Alpharetta,1842,
2023-09-20,Dunwoody PTC,2138,
2023-09-20,E Cobb Roswell,1614,
2023-09-20,Sandy Springs,495,
2023-09-20,Intown Druid Hills,437,
2023-09-20,Snellville,109,
2023-09-20,Flowery Branch,635,
2023-09-20,Groups - Main,1178,
2023-09-27,Alpharetta,1922,
2023-09-27,Dunwoody PTC,1520,
2023-09-27,E Cobb Roswell,869,
2023-09-27,Decatur,142,
2023-09-27,Sandy Springs,827,
2023-09-27,Intown Druid Hills,635,
2023-09-27,Snellville,113,
2023-09-27,Flowery Branch,438,
2023-09-27,Groups - Main,3005,
2023-10-05,Alpharetta,1022,
2023-10-05,Dunwoody PTC,2880,
2023-10-05,E Cobb Roswell,1147,
2023-10-05,Decatur,125,
2023-10-05,Sandy Springs,589,
2023-10-05,Intown Druid Hills,395,
2023-10-05,Snellville,171,
2023-10-05,Flowery Branch,409,
2023-10-05,Groups - Main,1482,
2023-10-11,Alpharetta,2187,
2023-10-11,Dunwoody PTC,1127,
2023-10-11,E Cobb Roswell,1605,
2023-10-11,Decatur,92,
2023-10-11,Sandy Springs,444,
2023-10-11,Intown Druid Hills,580,
2023-10-11,Snellville,107,
2023-10-11,Flowery Branch,240,
2023-10-11,Groups - Main,194,
2023-10-18,Alpharetta,2107,
2023-10-18,Dunwoody PTC,1800,
2023-10-18,E Cobb Roswell,722,
2023-10-18,Decatur,130,
2023-10-18,Sandy Springs,1159,
2023-10-18,Intown Druid Hills,751,
2023-10-18,Snellville,126,
2023-10-18,Flowery Branch,205,
2023-10-18,Groups - Main,3635,
2023-10-25,Alpharetta,1339,
2023-10-25,Dunwoody PTC,1349,
2023-10-25,E Cobb Roswell,1379,
2023-10-25,Decatur,121,
2023-10-25,Sandy Springs,669,
2023-10-25,Intown Druid Hills,1198,
2023-10-25,Snellville,105,
2023-10-25,Flowery Branch,1163,
2023-10-25,Groups - Main,2985,
2023-11-01,Alpharetta,781,
2023-11-01,Dunwoody PTC,2451,
2023-11-01,E Cobb Roswell,937,
2023-11-01,Decatur,135,
2023-11-01,Sandy Springs,296,
2023-11-01,Intown Druid Hills,365,
2023-11-01,Snellville,129,
2023-11-01,Flowery Branch,219,
2023-11-01,Groups - Main,1055,
2023-11-08,Alpharetta,2028,
2023-11-08,Dunwoody PTC,1805,
2023-11-08,E Cobb Roswell,1552,
2023-11-08,Sandy Springs,928,
2023-11-08,Intown Druid Hills,935,
2023-11-08,Snellville,88,
2023-11-08,Flowery Branch,267,
2023-11-08,Groups - Main,1761,
2023-11-15,Alpharetta,1722,
2023-11-15,Dunwoody PTC,2611,
2023-11-15,E Cobb Roswell,1501,
2023-11-15,Decatur,91,
2023-11-15,Sandy Springs,996,
2023-11-15,Intown Druid Hills,626,
2023-11-15,Snellville,90,
2023-11-15,Flowery Branch,499,
2023-11-15,Groups - Main,11278,
2023-11-29,Alpharetta,4232,
2023-11-29,Dunwoody PTC,2404,
2023-11-29,E Cobb Roswell,1537,
2023-11-29,Decatur,82,
2023-11-29,Sandy Springs,718,
2023-11-29,Intown Druid Hills,1203,
2023-11-29,Snellville,91,
2023-11-29,Flowery Branch,388,
2023-11-29,Groups - Main,332,
2023-12-06,Alpharetta,961,
2023-12-06,Dunwoody PTC,1714,
2023-12-06,E Cobb Roswell,2233,
2023-12-06,Decatur,111,
2023-12-06,Sandy Springs,944,
2023-12-06,Intown Druid Hills,1387,
2023-12-06,Snellville,128,
2023-12-06,Flowery Branch,292,
2023-12-06,Groups - Main,4981,
2023-12-13,Alpharetta,1343,
2023-12-13,Dunwoody PTC,1381,
2023-12-13,E Cobb Roswell,1806,
2023-12-13,Decatur,113,
2023-12-13,Sandy Springs,630,
2023-12-13,Intown Druid Hills,1161,
2023-12-13,Snellville,109,
2023-12-13,Flowery Branch,362,
2023-12-13,Groups - Main,1844,
2023-12-20,Alpharetta,2367,
2023-12-20,Dunwoody PTC,1792,
2023-12-20,E Cobb Roswell,1787,
2023-12-20,Decatur,184,
2023-12-20,Sandy Springs,1052,
2023-12-20,Intown Druid Hills,460,
2023-12-20,Snellville,106,
2023-12-20,Groups - Main,8696,
2024-01-03,Alpharetta,609,
2024-01-03,Dunwoody PTC,1480,
2024-01-03,E Cobb Roswell,1631,
2024-01-03,Sandy Springs,283,
2024-01-03,Intown Druid Hills,625,
2024-01-03,Snellville,152,
2024-01-03,Flowery Branch,262,
2024-01-10,Alpharetta,2000,
2024-01-10,Dunwoody PTC,2160,
2024-01-10,E Cobb Roswell,1162,
2024-01-10,Decatur,102,
2024-01-10,Sandy Springs,771,
2024-01-10,Intown Druid Hills,225,
2024-01-10,Snellville,185,
2024-01-10,Groups - Main,485,
2024-01-17,Alpharetta,905,
2024-01-17,Dunwoody PTC,1570,
2024-01-17,E Cobb Roswell,1297,
2024-01-17,Decatur,320,
2024-01-17,Sandy Springs,1013,
2024-01-17,Intown Druid Hills,1208,
2024-01-17,Snellville,85,
2024-01-17,Flowery Branch,480,
2024-01-17,Groups - Main,12252,
2024-01-24,Alpharetta,1788,
2024-01-24,Dunwoody PTC,1885,
2024-01-24,E Cobb Roswell,1278,
2024-01-24,Decatur,82,
2024-01-24,Sandy Springs,700,
2024-01-24,Intown Druid Hills,823,
2024-01-24,Snellville,180,
2024-01-24,Groups - Main,1718,
2024-01-31,Alpharetta,1859,
2024-01-31,Dunwoody PTC,1437,
2024-01-31,E Cobb Roswell,1296,
2024-01-31,Decatur,128,
2024-01-31,Sandy Springs,935,
2024-01-31,Intown Druid Hills,723,
2024-01-31,Flowery Branch,232,
2024-01-31,Groups - Main,3254,
2024-02-07,Alpharetta,1526,
2024-02-07,Dunwoody PTC,1465,
2024-02-07,E Cobb Roswell,1048,
2024-02-07,Decatur,72,
2024-02-07,Sandy Springs,605,
2024-02-07,Intown Druid Hills,214,
2024-02-07,Snellville,110,
2024-02-07,Groups - Main,1960,
2024-02-14,Alpharetta,3087,
2024-02-14,Dunwoody PTC,1594,
2024-02-14,E Cobb Roswell,821,
2024-02-14,Sandy Springs,508,
2024-02-14,Intown Druid Hills,930,
2024-02-14,Snellville,108,
2024-02-14,Flowery Branch,287,
2024-02-14,Groups - Main,3141,
2024-02-21,Alpharetta,2225,
2024-02-21,Dunwoody PTC,2628,
2024-02-21,E Cobb Roswell,1789,
2024-02-21,Decatur,92,
2024-02-21,Sandy Springs,822,
2024-02-21,Intown Druid Hills,1351,
2024-02-21,Snellville,396,
2024-02-21,Groups - Main,7050,
2024-02-28,Alpharetta,938,
2024-02-28,Dunwoody PTC,1708,
2024-02-28,E Cobb Roswell,946,
2024-02-28,Decatur,81,
2024-02-28,Sandy Springs,451,
2024-02-28,Intown Druid Hills,749,
2024-02-28,Snellville,74,
2024-02-28,Flowery Branch,353,
2024-02-28,Groups - Main,1000,
2024-03-06,Alpharetta,1324,
2024-03-06,Dunwoody PTC,1351,
2024-03-06,E Cobb Roswell,1160,
2024-03-06,Decatur,102,
2024-03-06,Sandy Springs,367,
2024-03-06,Intown Druid Hills,745,
2024-03-06,Snellville,74,
2024-03-06,Flowery Branch,264,
2024-03-06,Groups - Main,4544,
2024-03-13,Alpharetta,1254,
2024-03-13,Dunwoody PTC,1878,
2024-03-13,E Cobb Roswell,1849,
2024-03-13,Decatur,106,
2024-03-13,Sandy Springs,788,
2024-03-13,Intown Druid Hills,277,
2024-03-13,Snellville,114,
2024-03-13,Groups - Main,1734,
2024-03-20,Alpharetta,795,
2024-03-20,Dunwoody PTC,1672,
2024-03-20,E Cobb Roswell,1845,
2024-03-20,Decatur,82,
2024-03-20,Sandy Springs,736,
2024-03-20,Intown Druid Hills,941,
2024-03-20,Flowery Branch,473,
2024-03-20,Groups - Main,4771,
2024-04-03,Alpharetta,757,
2024-04-03,Dunwoody PTC,2160,
2024-04-03,E Cobb Roswell,1629,
2024-04-03,Sandy Springs,179,
2024-04-03,Intown Druid Hills,482,
2024-04-03,Groups - Main,200,
2024-04-10,Alpharetta,954,
2024-04-10,Dunwoody PTC,1588,
2024-04-10,Decatur,102,
2024-04-10,Sandy Springs,1038,
2024-04-10,Intown Druid Hills,2640,
2024-04-10,Flowery Branch,250,
2024-04-10,Groups - Main,4287,
2024-04-17,Alpharetta,1229,
2024-04-17,Dunwoody PTC,2750,
2024-04-17,E Cobb Roswell,968,
2024-04-17,Sandy Springs,609,
2024-04-17,Intown Druid Hills,2668,
2024-04-17,Groups - Main,2052,
2024-05-01,Alpharetta,1057,
2024-05-01,Dunwoody PTC,2174,
2024-05-01,E Cobb Roswell,1777,
2024-05-01,Decatur,112,
2024-05-01,Sandy Springs,1282,
2024-05-01,Intown Druid Hills,968,
2024-05-01,Flowery Branch,274,
2024-05-01,Groups - Main,2382,
2024-05-08,Alpharetta,1405,
2024-05-08,Dunwoody PTC,1944,
2024-05-08,E Cobb Roswell,916,
2024-05-08,Decatur,72,
2024-05-08,Sandy Springs,1168,
2024-05-08,Intown Druid Hills,507,
2024-05-08,Flowery Branch,244,
2024-05-08,Groups - Main,1559,
2024-05-15,Alpharetta,1355,
2024-05-15,Dunwoody PTC,2477,
2024-05-15,E Cobb Roswell,1259,
2024-05-15,Decatur,92,
2024-05-15,Sandy Springs,581,
2024-05-15,Intown Druid Hills,673,
2024-05-15,Flowery Branch,484,
2024-05-15,Groups - Main,2333,
2024-05-22,Alpharetta,848,
2024-05-22,Dunwoody PTC,2341,
2024-05-22,E Cobb Roswell,582,
2024-05-22,Sandy Springs,644,
2024-05-22,Intown Druid Hills,533,
2024-05-22,Flowery Branch,278,
2024-05-22,Groups - Main,402,
2024-05-28,Alpharetta,584,
2024-05-28,Dunwoody PTC,1740,
2024-05-28,E Cobb Roswell,852,
2024-05-28,Sandy Springs,828,
2024-05-28,Intown Druid Hills,511,
2024-05-28,Flowery Branch,250,
2024-05-28,Groups - Main,806,
2024-06-05,Alpharetta,1569,
2024-06-05,Dunwoody PTC,1552,
2024-06-05,E Cobb Roswell,1436,
2024-06-05,Decatur,159,
2024-06-05,Sandy Springs,721,
2024-06-05,Intown Druid Hills,707,
2024-06-05,Flowery Branch,735,
2024-06-05,Groups - Main,100,
2024-06-12,Alpharetta,2135,
2024-06-12,Dunwoody PTC,2400,
2024-06-12,E Cobb Roswell,2323,
2024-06-12,Decatur,72,
2024-06-12,Sandy Springs,690,
2024-06-12,Intown Druid Hills,751,
2024-06-12,Flowery Branch,125,
2024-06-12,Groups - Main,2084,
2024-06-19,Alpharetta,1218,
2024-06-19,Dunwoody PTC,1980,
2024-06-19,E Cobb Roswell,1695,
2024-06-19,Decatur,74,
2024-06-19,Sandy Springs,1088,
2024-06-19,Intown Druid Hills,586,
2024-06-19,Flowery Branch,454,
2024-06-19,Groups - Main,1432,
2024-06-26,Alpharetta,1198,
2024-06-26,Dunwoody PTC,1272,
2024-06-26,E Cobb Roswell,1715,
2024-06-26,Sandy Springs,789,
2024-06-26,Intown Druid Hills,766,
2024-06-26,Flowery Branch,275,
2024-06-26,Groups - Main,2972,
2024-07-10,Alpharetta,1134,
2024-07-10,Dunwoody PTC,1681,
2024-07-10,E Cobb Roswell,2170,
2024-07-10,Sandy Springs,583,
2024-07-10,Intown Druid Hills,784,
2024-07-10,Flowery Branch,426,
2024-07-10,Groups - Main,3032,
2024-07-17,Alpharetta,3333,
2024-07-17,Dunwoody PTC,1513,
2024-07-17,E Cobb Roswell,1820,
2024-07-17,Decatur,101,
2024-07-17,Sandy Springs,632,
2024-07-17,Intown Druid Hills,1425,
2024-07-17,Flowery Branch,226,
2024-07-17,Groups - Main,2476,
2024-07-24,Alpharetta,871,
2024-07-24,Dunwoody PTC,1989,
2024-07-24,E Cobb Roswell,1962,
2024-07-24,Decatur,54,
2024-07-24,Sandy Springs,889,
2024-07-24,Intown Druid Hills,932,
2024-07-24,Flowery Branch,191,
2024-07-24,Groups - Main,2700,
2024-07-31,Alpharetta,2154,
2024-07-31,Dunwoody PTC,1460,
2024-07-31,E Cobb Roswell,1499,
2024-07-31,Decatur,162,
2024-07-31,Sandy Springs,890,
2024-07-31,Intown Druid Hills,1607,
2024-07-31,Flowery Branch,132,
2024-07-31,Groups - Main,2013,
2024-08-07,Alpharetta,1704,
2024-08-07,Dunwoody PTC,1012,
2024-08-07,E Cobb Roswell,1455,
2024-08-07,Decatur,54,
2024-08-07,Sandy Springs,1074,
2024-08-07,Intown Druid Hills,428,
2024-08-07,Flowery Branch,226,
2024-08-07,Groups - Main,5000,
2024-08-14,Alpharetta,1074,
2024-08-14,Dunwoody PTC,2154,
2024-08-14,E Cobb Roswell,1347,
2024-08-14,Decatur,54,
2024-08-14,Sandy Springs,356,
2024-08-14,Intown Druid Hills,547,
2024-08-14,Flowery Branch,150,
2024-08-14,Groups - Main,450,
2024-08-21,Alpharetta,1018,
2024-08-21,Dunwoody PTC,1698,
2024-08-21,E Cobb Roswell,1327,
2024-08-21,Sandy Springs,445,
2024-08-21,Intown Druid Hills,722,
2024-08-21,Flowery Branch,175,
2024-08-21,Groups - Main,2326,
2024-08-28,Alpharetta,1766,
2024-08-28,Dunwoody PTC,1322,
2024-08-28,E Cobb Roswell,1290,
2024-08-28,Decatur,54,
2024-08-28,Sandy Springs,545,
2024-08-28,Intown Druid Hills,846,
2024-08-28,Flowery Branch,250,
2024-08-28,Groups - Main,200,
2024-09-04,Alpharetta,1210,
2024-09-04,Dunwoody PTC,1184,
2024-09-04,E Cobb Roswell,1148,
2024-09-04,Decatur,54,
2024-09-04,Sandy Springs,434,
2024-09-04,Intown Druid Hills,567,
2024-09-04,Flowery Branch,214,
2024-09-04,Groups - Main,1400,
2024-09-11,Alpharetta,875,
2024-09-11,Dunwoody PTC,1143,
2024-09-11,E Cobb Roswell,1133,
2024-09-11,Decatur,54,
2024-09-11,Sandy Springs,721,
2024-09-11,Intown Druid Hills,1059,
2024-09-11,Flowery Branch,223,
2024-09-11,Groups - Main,3400,
2024-09-18,Alpharetta,1640,
2024-09-18,Dunwoody PTC,724,
2024-09-18,E Cobb Roswell,1323,
2024-09-18,Decatur,118,
2024-09-18,Sandy Springs,747,
2024-09-18,Intown Druid Hills,406,
2024-09-18,Flowery Branch,494,
2024-09-18,Groups - Main,3015,
2024-09-25,Alpharetta,1946,
2024-09-25,Dunwoody PTC,1836,
2024-09-25,E Cobb Roswell,989,
2024-09-25,Sandy Springs,510,
2024-09-25,Intown Druid Hills,791,
2024-09-25,Flowery Branch,545,
2024-09-25,Groups - Main,5650,
2024-10-02,Groups - Main,14023,
2024-10-09,Alpharetta,1493,
2024-10-09,Dunwoody PTC,1284,
2024-10-09,E Cobb Roswell,919,
2024-10-09,Decatur,54,
2024-10-09,Sandy Springs,344,
2024-10-09,Intown Druid Hills,555,
2024-10-09,Flowery Branch,260,
2024-10-09,Groups - Main,1900,
2024-10-16,Alpharetta,1032,
2024-10-16,Dunwoody PTC,1377,
2024-10-16,E Cobb Roswell,1332,
2024-10-16,Decatur,119,
2024-10-16,Sandy Springs,431,
2024-10-16,Intown Druid Hills,1296,
2024-10-16,Flowery Branch,200,
2024-10-16,Groups - Main,3746,
2024-10-23,Alpharetta,618,
2024-10-23,Dunwoody PTC,1774,
2024-10-23,E Cobb Roswell,594,
2024-10-23,Sandy Springs,224,
2024-10-23,Intown Druid Hills,768,
2024-10-23,Flowery Branch,503,
2024-10-23,Groups - Main,4279,
2024-10-30,Alpharetta,1427,
2024-10-30,Dunwoody PTC,2035,
2024-10-30,E Cobb Roswell,1017,
2024-10-30,Sandy Springs,452,
2024-10-30,Intown Druid Hills,1380,
2024-10-30,Flowery Branch,332,
2024-10-30,Groups - Main,1330,
2024-11-06,Alpharetta,1427,
2024-11-06,Dunwoody PTC,1449,
2024-11-06,E Cobb Roswell,1017,
2024-11-06,Sandy Springs,452,
2024-11-06,Intown Druid Hills,1380,
2024-11-06,Flowery Branch,179,
2024-11-06,Groups - Main,550,
2024-11-13,Alpharetta,1226,
2024-11-13,Dunwoody PTC,1396,
2024-11-13,E Cobb Roswell,1389,
2024-11-13,Decatur,54,
2024-11-13,Sandy Springs,554,
2024-11-13,Intown Druid Hills,437,
2024-11-13,Flowery Branch,200,
2024-11-13,Groups - Main,1780,
2024-11-20,Alpharetta,3625,
2024-11-20,Dunwoody PTC,2378,
2024-11-20,E Cobb Roswell,1643,
2024-11-20,Decatur,64,
2024-11-20,Sandy Springs,1087,
2024-11-20,Intown Druid Hills,861,
2024-11-20,Flowery Branch,304,
2024-11-20,Groups - Main,6409,
2024-12-04,Alpharetta,1379,
2024-12-04,Dunwoody PTC,1643,
2024-12-04,E Cobb Roswell,1439,
2024-12-04,Decatur,54,
2024-12-04,Sandy Springs,442,
2024-12-04,Intown Druid Hills,1280,
2024-12-04,Flowery Branch,250,
2024-12-04,Groups - Main,1500,
2024-12-11,Alpharetta,2176,
2024-12-11,Dunwoody PTC,2226,
2024-12-11,E Cobb Roswell,1203,
2024-12-11,Sandy Springs,667,
2024-12-11,Intown Druid Hills,1190,
2024-12-11,Flowery Branch,105,
2024-12-11,Groups - Main,6570,
2024-12-18,Alpharetta,848,
2024-12-18,Dunwoody PTC,1342,
2024-12-18,E Cobb Roswell,1706,
2024-12-18,Sandy Springs,485,
2024-12-18,Intown Druid Hills,922,
2024-12-18,Flowery Branch,426,
2024-12-18,Groups - Main,5100,
2024-12-26,Dunwoody PTC,504,
2024-12-26,Groups - Main,2000,
2025-01-01,Dunwoody PTC,563,
2025-01-01,E Cobb Roswell,185,
2025-01-08,Alpharetta,1571,
2025-01-08,Dunwoody PTC,2397,
2025-01-08,E Cobb Roswell,1115,
2025-01-08,Sandy Springs,301,
2025-01-08,Intown Druid Hills,1064,
2025-01-08,Flowery Branch,426,
2025-01-08,Groups - Main,900,
2025-01-15,Alpharetta,1180,
2025-01-15,Dunwoody PTC,2384,
2025-01-15,E Cobb Roswell,1776,
2025-01-15,Sandy Springs,664,
2025-01-15,Intown Druid Hills,727,
2025-01-15,Flowery Branch,230,
2025-01-15,Groups - Main,1730,
2025-01-20,Alpharetta,436,
2025-01-20,Dunwoody PTC,792,
2025-01-20,E Cobb Roswell,400,
2025-01-20,Sandy Springs,328,
2025-01-20,Intown Druid Hills,2120,
2025-01-22,Alpharetta,864,
2025-01-22,Dunwoody PTC,986,
2025-01-22,E Cobb Roswell,1192,
2025-01-22,Sandy Springs,545,
2025-01-22,Intown Druid Hills,662,
2025-01-22,Flowery Branch,258,
2025-01-22,Alpharetta,1300,
2025-01-22,Dunwoody PTC,1778,
2025-01-22,E Cobb Roswell,1592,
2025-01-22,Sandy Springs,873,
2025-01-22,Intown Druid Hills,2782,
2025-01-22,Flowery Branch,258,
2025-01-29,E Cobb Roswell,1890,
2025-01-29,Sandy Springs,706,
2025-01-29,Intown Druid Hills,1992,
2025-01-29,Flowery Branch,402,
2025-01-29,Groups - Main,7140,
2025-02-05,Alpharetta,1252,
2025-02-05,Dunwoody PTC,2173,
2025-02-05,E Cobb Roswell,1265,
2025-02-05,Sandy Springs,549,
2025-02-05,Intown Druid Hills,854,
2025-02-05,Groups - Main,2600,
2025-02-12,Alpharetta,1852,
2025-02-12,Dunwoody PTC,1272,
2025-02-12,E Cobb Roswell,976,
2025-02-12,Sandy Springs,538,
2025-02-12,Intown Druid Hills,719,
2025-02-12,Flowery Branch,141,
2025-02-12,Groups - Main,4474,
2025-02-19,Alpharetta,900,
2025-02-19,Dunwoody PTC,2667,
2025-02-19,E Cobb Roswell,1381,
2025-02-19,Sandy Springs,677,
2025-02-19,Intown Druid Hills,1371,
2025-02-19,Flowery Branch,284,
2025-02-19,Groups - Main,2650,
2025-02-26,Alpharetta,1010,
2025-02-26,Dunwoody PTC,1153,
2025-02-26,E Cobb Roswell,854,
2025-02-26,Sandy Springs,650,
2025-02-26,Intown Druid Hills,605,
2025-02-26,Flowery Branch,516,
2025-02-26,Groups - Main,1380,
2025-03-05,Alpharetta,1092,
2025-03-05,Dunwoody PTC,769,
2025-03-05,E Cobb Roswell,983,
2025-03-05,Sandy Springs,117,
2025-03-05,Intown Druid Hills,815,
2025-03-05,Flowery Branch,351,
2025-03-05,Groups - Main,4795,
2025-03-12,Alpharetta,1301,
2025-03-12,Dunwoody PTC,840,
2025-03-12,E Cobb Roswell,1597,
2025-03-12,Sandy Springs,485,
2025-03-12,Intown Druid Hills,796,
2025-03-12,Flowery Branch,275,
2025-03-12,Groups - Main,4780,
2025-03-19,Alpharetta,1106,
2025-03-19,Dunwoody PTC,1097,
2025-03-19,E Cobb Roswell,1270,
2025-03-19,Sandy Springs,601,
2025-03-19,Intown Druid Hills,882,
2025-03-19,Flowery Branch,400,
2025-03-19,Groups - Main,2618,
2025-03-27,Alpharetta,1100,
2025-03-27,Dunwoody PTC,1503,
2025-03-27,E Cobb Roswell,907,
2025-03-27,Sandy Springs,649,
2025-03-27,Intown Druid Hills,884,
2025-03-27,Flowery Branch,256,
2025-03-27,Groups - Main,3278,
2025-04-02,Alpharetta,850,
2025-04-02,Dunwoody PTC,2053,
2025-04-02,E Cobb Roswell,878,
2025-04-02,Sandy Springs,839,
2025-04-02,Intown Druid Hills,1647,
2025-04-02,Flowery Branch,272,
2025-04-02,Groups - Main,5518,
2025-04-09,Alpharetta,628,
2025-04-09,Dunwoody PTC,1226,
2025-04-09,E Cobb Roswell,950,
2025-04-09,Sandy Springs,418,
2025-04-09,Intown Druid Hills,514,
2025-04-09,Flowery Branch,225,
2025-04-09,Groups - Main,153,
2025-04-16,Alpharetta,1556,
2025-04-16,Dunwoody PTC,2103,
2025-04-16,E Cobb Roswell,993,
2025-04-16,Sandy Springs,1123,
2025-04-16,Intown Druid Hills,1240,
2025-04-16,Flowery Branch,175,
2025-04-16,Groups - Main,1450,
2025-04-23,Alpharetta,2244,
2025-04-23,Dunwoody PTC,2223,
2025-04-23,E Cobb Roswell,1122,
2025-04-23,Sandy Springs,527,
2025-04-23,Intown Druid Hills,1344,
2025-04-23,Flowery Branch,350,
2025-04-23,Groups - Main,3040,
2025-04-30,Alpharetta,618,
2025-04-30,Dunwoody PTC,2032,
2025-04-30,E Cobb Roswell,915,
2025-04-30,Sandy Springs,744,
2025-04-30,Intown Druid Hills,1198,
2025-04-30,Flowery Branch,398,
2025-04-30,Groups - Main,2050,
2025-05-07,Alpharetta,2396,
2025-05-07,Dunwoody PTC,2607,
2025-05-07,E Cobb Roswell,1052,
2025-05-07,Sandy Springs,599,
2025-05-07,Intown Druid Hills,853,
2025-05-07,Flowery Branch,262,
2025-05-07,Groups - Main,800,
2025-05-14,Alpharetta,2520,
2025-05-14,Dunwoody PTC,2316,
2025-05-14,E Cobb Roswell,726,
2025-05-14,Sandy Springs,631,
2025-05-14,Intown Druid Hills,921,
2025-05-14,Flowery Branch,298,
2025-05-14,Groups - Main,1800,
2025-05-21,Alpharetta,1219,
2025-05-21,Dunwoody PTC,1783,
2025-05-21,E Cobb Roswell,908,
2025-05-21,Sandy Springs,644,
2025-05-21,Intown Druid Hills,516,
2025-05-21,Flowery Branch,285,
2025-05-21,Groups - Main,4810,
2025-05-28,Alpharetta,1575,
2025-05-28,Intown Druid Hills,832,
